{
  "at": "2022-05-20T19:35:48",
  "source": {
    "brightness": 187.73777009507347,
    "contrast": 45.264591435047485,
    "name": "datasets/radiopaedia/cropped/calcaneal-fracture-17.jpg"
  },
  "edges": {
    "brightness": 13.877700950734658,
    "contrast": 57.84654837377348
  },
  "segments": {
    "count": 23,
    "angles": [
      0.6202494859828214
    ]
  },
  "settings": {
    "high_threshold": 20,
    "low_threshold": 24,
    "contrast_multiplier": 1.5,
    "brightness_boost": 0,
    "bilateral_blur_sigmas": 1
  }
}